-0.10406494140625,-0.01129150390625,-0.02288818359375,-0.17974853515625,0.0750732421875,0.023193359375,-0.11260986328125,-0.0018310546875,-0.01800537109375,-0.242919921875,0.03021240234375,0.00640869140625,-0.1446533203125,0.02838134765625,-0.0030517578125,-0.1861572265625,-0.0091552734375,-0.006103515625
-0.1031494140625,-0.0079345703125,-0.030517578125,-0.16357421875,0.07171630859375,0.0323486328125,-0.10833740234375,-3.0517578125E-4,-0.01251220703125,-0.23773193359375,0.02593994140625,0.003662109375,-0.13916015625,0.03204345703125,0.0030517578125,-0.1715087890625,-0.01861572265625,0.00244140625
-0.10711669921875,-0.01678466796875,-0.03082275390625,-0.17059326171875,0.076904296875,0.02105712890625,-0.1202392578125,0.001220703125,-0.0152587890625,-0.24139404296875,0.02166748046875,6.103515625E-4,-0.147705078125,0.02593994140625,0.00152587890625,-0.1885986328125,-0.023193359375,-0.00762939453125
-0.108642578125,-0.0164794921875,-0.02685546875,-0.16815185546875,0.078125,0.030517578125,-0.11749267578125,6.103515625E-4,-0.01434326171875,-0.2447509765625,0.02777099609375,0.00213623046875,-0.1385498046875,0.03204345703125,0.07781982421875,-0.16754150390625,-0.02685546875,-0.00213623046875
-0.11444091796875,-0.0115966796875,-0.0311279296875,-0.1702880859375,0.0762939453125,0.03082275390625,-0.10955810546875,0.0067138671875,-0.01617431640625,-0.228271484375,0.02105712890625,0.00579833984375,-0.152587890625,0.03143310546875,-0.00518798828125,-0.1812744140625,-0.01953125,-0.0048828125
-0.11016845703125,-0.020751953125,-0.02655029296875,-0.1739501953125,0.07080078125,0.0262451171875,-0.107421875,-0.00335693359375,-0.01617431640625,-0.23895263671875,0.02349853515625,0.00457763671875,-0.14068603515625,0.02288818359375,-0.00213623046875,-0.1739501953125,-0.02349853515625,-0.006103515625
-0.11444091796875,-0.015869140625,-0.03173828125,-0.17364501953125,0.07171630859375,0.02838134765625,-0.11444091796875,0.07781982421875,-0.020751953125,-0.24139404296875,0.02166748046875,0.008544921875,-0.1519775390625,0.03082275390625,-0.0042724609375,-0.181884765625,-0.023193359375,-0.00244140625
-0.1220703125,-0.0146484375,-0.030517578125,-0.179443359375,0.07904052734375,0.02044677734375,-0.11016845703125,0.0042724609375,-0.01953125,-0.2471923828125,0.0286865234375,3.0517578125E-4,-0.14801025390625,0.028076171875,0.00244140625,-0.1739501953125,-0.02410888671875,-0.00396728515625
-0.11199951171875,-0.01373291015625,-0.02777099609375,-0.16876220703125,0.072021484375,0.0262451171875,-0.11260986328125,-9.1552734375E-4,-0.01312255859375,-0.2447509765625,0.02716064453125,0.00701904296875,-0.13336181640625,0.0286865234375,3.0517578125E-4,-0.17578125,-0.018310546875,-0.01007080078125
-0.11627197265625,-0.0079345703125,-0.03021240234375,-0.17425537109375,0.08270263671875,0.0274658203125,-0.11260986328125,0.0079345703125,-0.008544921875,-0.23956298828125,0.023193359375,0.0030517578125,-0.234375,0.0341796875,-0.00946044921875,-0.17181396484375,-0.01708984375,-0.0030517578125
-0.1092529296875,-0.009765625,-0.02471923828125,-0.17364501953125,0.07843017578125,0.0286865234375,-0.108642578125,0.00274658203125,-0.01678466796875,-0.252685546875,0.01800537109375,0.003662109375,-0.14007568359375,0.01953125,-0.00274658203125,-0.18218994140625,-0.01983642578125,-0.01129150390625
-0.11138916015625,-0.01373291015625,-0.0238037109375,-0.162353515625,0.07354736328125,0.03173828125,-0.11871337890625,0.00244140625,-0.020751953125,-0.24078369140625,0.0244140625,6.103515625E-4,-0.14892578125,0.03631591796875,-0.00640869140625,-0.16632080078125,-0.02777099609375,-0.00396728515625
-0.1190185546875,-0.01068115234375,-0.02899169921875,-0.18707275390625,0.081787109375,0.01800537109375,-0.11505126953125,0.00335693359375,-0.02197265625,-0.24200439453125,0.02166748046875,0.00274658203125,-0.142822265625,0.029296875,-0.00701904296875,-0.19378662109375,-0.0225830078125,-0.01129150390625
-0.1092529296875,-0.0128173828125,-0.0311279296875,-0.16387939453125,0.06561279296875,0.02899169921875,-0.103759765625,-0.0054931640625,-0.0140380859375,-0.24200439453125,0.0213623046875,0.00579833984375,-0.14190673828125,0.02197265625,-0.001220703125,-0.15228271484375,-0.0262451171875,0.00518798828125
-0.113525390625,-0.009765625,-0.0299072265625,-0.1837158203125,0.0811767578125,0.0274658203125,-0.12939453125,0.00579833984375,-0.02166748046875,-0.242919921875,0.0250244140625,0.0067138671875,-0.1470947265625,0.03082275390625,-0.00732421875,-0.1922607421875,-0.01953125,-0.0091552734375
-0.10772705078125,-0.01312255859375,-0.02716064453125,-0.1678466796875,0.06927490234375,0.03082275390625,-0.10986328125,-0.00152587890625,-0.00885009765625,-0.2435302734375,0.01861572265625,-6.103515625E-4,-0.1458740234375,0.0238037109375,-6.103515625E-4,-0.1629638671875,-0.02532958984375,-0.00335693359375
-0.1123046875,-0.01922607421875,-0.03143310546875,-0.172119140625,0.0732421875,0.02685546875,-0.11810302734375,0.0018310546875,-0.02197265625,-0.23590087890625,0.02166748046875,0.00152587890625,-0.15350341796875,0.0299072265625,-0.008544921875,-0.17547607421875,-0.01312255859375,-0.0054931640625
-0.11016845703125,-0.00762939453125,-0.0286865234375,-0.1715087890625,0.076904296875,0.0311279296875,-0.11383056640625,-0.00518798828125,-0.008544921875,-0.25146484375,0.02166748046875,0.001220703125,-0.14312744140625,0.02227783203125,0.00335693359375,-0.16845703125,-0.023193359375,-0.00244140625
-0.1129150390625,-0.01068115234375,-0.02593994140625,-0.16845703125,0.07843017578125,0.032958984375,-0.11566162109375,0.01007080078125,-0.015869140625,-0.1568603515625,0.02197265625,0.006103515625,-0.15167236328125,0.02227783203125,-0.0048828125,-0.18951416015625,-0.0189208984375,-0.0042724609375
-0.10894775390625,-0.01251220703125,-0.03387451171875,-0.1776123046875,0.08331298828125,0.02655029296875,-0.10711669921875,0.0775146484375,-0.01739501953125,-0.25054931640625,0.02349853515625,0.00885009765625,-0.13580322265625,0.03143310546875,0.00335693359375,-0.16754150390625,-0.02960205078125,-0.00244140625
-0.10406494140625,-0.0152587890625,-0.029296875,-0.16693115234375,0.07568359375,0.02532958984375,-0.1055908203125,-0.00152587890625,-0.01312255859375,-0.24139404296875,0.0238037109375,-0.00213623046875,-0.15228271484375,0.030517578125,-0.009765625,-0.1763916015625,-0.0244140625,-0.00518798828125
-0.11566162109375,-0.0091552734375,-0.03021240234375,-0.1702880859375,0.0762939453125,0.015869140625,-0.10833740234375,9.1552734375E-4,-0.020751953125,-0.24566650390625,0.02227783203125,0.0018310546875,-0.1397705078125,0.0225830078125,-0.078125,-0.1873779296875,-0.01068115234375,-0.00762939453125
-0.113525390625,-0.00762939453125,-0.02471923828125,-0.1666259765625,0.07843017578125,0.02044677734375,-0.1141357421875,0.003662109375,-0.0091552734375,-0.2423095703125,0.02471923828125,0.0048828125,-0.14556884765625,0.0347900390625,0.00518798828125,-0.15899658203125,-0.01922607421875,0.00335693359375
-0.11566162109375,-0.00762939453125,-0.03448486328125,-0.17364501953125,0.07232666015625,0.02410888671875,-0.11199951171875,-0.00213623046875,-0.0213623046875,-0.23193359375,0.023193359375,0.0079345703125,-0.14373779296875,0.0299072265625,-0.00335693359375,-0.19287109375,-0.023193359375,-0.0146484375
-0.10833740234375,-0.010986328125,-0.03082275390625,-0.17547607421875,0.06927490234375,0.02166748046875,-0.1080322265625,0.0018310546875,-0.01739501953125,-0.24200439453125,0.0262451171875,0.00640869140625,-0.14190673828125,0.02197265625,-0.07781982421875,-0.15960693359375,-0.023193359375,0.0018310546875
-0.10650634765625,-0.015869140625,-0.029296875,-0.17059326171875,0.07080078125,0.0274658203125,-0.11871337890625,0.00518798828125,-0.01434326171875,-0.22613525390625,0.02655029296875,3.0517578125E-4,-0.14862060546875,0.03082275390625,-0.00579833984375,-0.17852783203125,-0.01708984375,-0.003662109375
-0.12054443359375,-0.0201416015625,-0.03265380859375,-0.17547607421875,0.076904296875,0.02288818359375,-0.10894775390625,-0.078125,-0.01373291015625,-0.24688720703125,0.02288818359375,0.0054931640625,-0.13458251953125,0.01922607421875,0.0042724609375,-0.1873779296875,-0.0164794921875,-0.00701904296875
-0.11016845703125,-0.0115966796875,-0.0262451171875,-0.169677734375,0.0726318359375,0.0311279296875,-0.12054443359375,0.00579833984375,-0.0103759765625,-0.24566650390625,0.02777099609375,0.0042724609375,-0.14373779296875,0.03997802734375,-9.1552734375E-4,-0.16082763671875,-0.02655029296875,0.0042724609375
-0.1080322265625,-0.0103759765625,-0.02899169921875,-0.174560546875,0.0787353515625,0.023193359375,-0.10986328125,-0.0054931640625,-0.01739501953125,-0.23468017578125,0.0164794921875,0.008544921875,-0.1361083984375,0.01708984375,-0.0054931640625,-0.194091796875,-0.01739501953125,-0.013427734375
-0.11688232421875,-0.0146484375,-0.03204345703125,-0.17181396484375,0.07781982421875,0.0238037109375,-0.11474609375,6.103515625E-4,-0.0115966796875,-0.244140625,0.02777099609375,-0.00274658203125,-0.1446533203125,0.0286865234375,0.00213623046875,-0.16632080078125,-0.02685546875,-0.0030517578125
-0.10833740234375,-0.0042724609375,-0.02349853515625,-0.1702880859375,0.078125,0.03143310546875,-0.12542724609375,0.0103759765625,-0.02655029296875,-0.23590087890625,0.0189208984375,-0.00152587890625,-0.1470947265625,0.0341796875,-0.0054931640625,-0.1776123046875,-0.02105712890625,-0.0018310546875
-0.10711669921875,-0.01312255859375,-0.02349853515625,-0.17242431640625,0.078125,0.025634765625,-0.11260986328125,9.1552734375E-4,-0.0128173828125,-0.24688720703125,0.02471923828125,0.00579833984375,-0.13946533203125,0.01953125,-3.0517578125E-4,-0.18096923828125,-0.01251220703125,-0.0128173828125
-0.11138916015625,-0.0140380859375,-0.032958984375,-0.17242431640625,0.07080078125,0.02227783203125,-0.115966796875,0.00152587890625,-0.01434326171875,-0.23651123046875,0.02410888671875,0.003662109375,-0.14190673828125,0.0201416015625,0.00152587890625,-0.16510009765625,-0.02105712890625,0.0018310546875
-0.1123046875,-0.0103759765625,-0.0372314453125,-0.1715087890625,0.07110595703125,0.0341796875,-0.0994873046875,6.103515625E-4,-0.01068115234375,-0.24383544921875,0.0274658203125,0.00640869140625,-0.1409912109375,0.023193359375,0.00244140625,-0.19073486328125,-0.015869140625,-0.00579833984375
-0.11138916015625,-0.0152587890625,-0.0274658203125,-0.164794921875,0.07232666015625,0.01922607421875,-0.11077880859375,-0.00274658203125,-0.02349853515625,-0.1568603515625,0.02593994140625,-0.001220703125,-0.14678955078125,0.03631591796875,-0.00274658203125,-0.16754150390625,-0.025634765625,6.103515625E-4
-0.1043701171875,-0.01312255859375,-0.03021240234375,-0.16754150390625,0.0811767578125,0.03265380859375,-0.11077880859375,-0.00244140625,-0.01373291015625,-0.23590087890625,0.02105712890625,0.006103515625,-0.13946533203125,0.030517578125,0.01312255859375,-0.18035888671875,-0.01739501953125,-0.0067138671875
-0.10498046875,-0.01861572265625,-0.02655029296875,-0.1702880859375,0.07080078125,0.02655029296875,-0.111083984375,-0.001220703125,-0.0189208984375,-0.2423095703125,0.025634765625,0.01220703125,-0.147705078125,0.02471923828125,0.0067138671875,-0.1806640625,-0.0213623046875,0.00213623046875
-0.10772705078125,-0.01922607421875,-0.02593994140625,-0.1678466796875,0.07537841796875,0.02655029296875,-0.11077880859375,-0.001220703125,-0.0140380859375,-0.2374267578125,0.0244140625,0.00518798828125,-0.14739990234375,0.03631591796875,-0.00152587890625,-0.167236328125,-0.0238037109375,-0.0042724609375
-0.10833740234375,-0.015869140625,-0.03265380859375,-0.17181396484375,0.08209228515625,0.02593994140625,-0.106201171875,0.003662109375,-0.01251220703125,-0.24169921875,0.0238037109375,0.00213623046875,-0.1483154296875,0.023193359375,0.07720947265625,-0.1873779296875,-0.01800537109375,-0.00640869140625
-0.1165771484375,-0.015869140625,-0.03326416015625,-0.169677734375,0.07293701171875,0.0286865234375,-0.1123046875,9.1552734375E-4,-0.0201416015625,-0.2288818359375,0.0164794921875,0.0042724609375,-0.14801025390625,0.03875732421875,-0.00244140625,-0.16998291015625,-0.01983642578125,-0.00213623046875
-0.11474609375,-0.01800537109375,-0.0262451171875,-0.17364501953125,0.07659912109375,0.02593994140625,-0.11810302734375,-0.00213623046875,-0.00946044921875,-0.23834228515625,0.0286865234375,-0.00274658203125,-0.1544189453125,0.02593994140625,-0.00885009765625,-0.18157958984375,-0.02166748046875,-0.0079345703125
-0.11016845703125,-0.01953125,-0.0347900390625,-0.1666259765625,0.0787353515625,0.03082275390625,-0.107421875,0.001220703125,-0.01800537109375,-0.235595703125,0.01739501953125,0.0775146484375,-0.1361083984375,0.0250244140625,0.00213623046875,-0.1751708984375,-0.02227783203125,0.00152587890625
-0.11138916015625,-0.0201416015625,-0.0311279296875,-0.1751708984375,0.08056640625,0.02838134765625,-0.1171875,-0.0018310546875,-0.01983642578125,-0.23712158203125,0.02410888671875,0.008544921875,-0.1458740234375,0.025634765625,-0.0091552734375,-0.18035888671875,-0.0201416015625,-0.00885009765625
-0.11566162109375,-0.0201416015625,-0.02166748046875,-0.16387939453125,0.07843017578125,0.0244140625,-0.103759765625,0.00244140625,-0.013427734375,-0.2423095703125,0.0177001953125,0.00335693359375,-0.14892578125,0.03631591796875,-0.00946044921875,-0.17608642578125,-0.02166748046875,-0.00701904296875
-0.11138916015625,-0.01678466796875,-0.03387451171875,-0.1812744140625,0.07720947265625,0.0262451171875,-0.11566162109375,0.0042724609375,-0.01007080078125,-0.238037109375,0.02227783203125,0.00213623046875,-0.15167236328125,0.03997802734375,-0.006103515625,-0.17669677734375,-0.01800537109375,-0.006103515625
-0.09979248046875,-0.01708984375,-0.030517578125,-0.16204833984375,0.07171630859375,0.02899169921875,-0.1202392578125,-0.00244140625,-0.0189208984375,-0.23284912109375,0.02410888671875,0.00457763671875,-0.14862060546875,0.03143310546875,-0.00274658203125,-0.172119140625,-0.0189208984375,-0.00244140625
-0.11322021484375,-0.01434326171875,-0.02716064453125,-0.18035888671875,0.0799560546875,0.0244140625,-0.1171875,0.003662109375,-0.01495361328125,-0.24566650390625,0.02105712890625,0.0103759765625,-0.14404296875,0.028076171875,-0.00274658203125,-0.18768310546875,-0.02166748046875,-0.006103515625
-0.1104736328125,-0.01251220703125,-0.0299072265625,-0.16204833984375,0.15594482421875,0.0372314453125,-0.1129150390625,-0.00457763671875,-0.009765625,-0.23712158203125,0.02410888671875,0.0042724609375,-0.13824462890625,0.030517578125,0.00701904296875,-0.16265869140625,-0.02227783203125,-0.003662109375
-0.09918212890625,-0.0152587890625,-0.03173828125,-0.1654052734375,0.08270263671875,0.02593994140625,-0.1055908203125,-0.0042724609375,-0.00762939453125,-0.24505615234375,0.02227783203125,0.00885009765625,-0.146484375,0.01861572265625,-0.00213623046875,-0.1715087890625,-0.02044677734375,-0.00274658203125
-0.107421875,-0.01251220703125,-0.03326416015625,-0.1739501953125,0.07720947265625,0.0244140625,-0.09857177734375,0.006103515625,-0.01007080078125,-0.2362060546875,0.02471923828125,6.103515625E-4,-0.1397705078125,0.02532958984375,0.00640869140625,-0.189208984375,-0.0128173828125,-0.015869140625
-0.11260986328125,-0.01556396484375,-0.0201416015625,-0.15960693359375,0.0732421875,0.02410888671875,-0.133056640625,0.0030517578125,-0.0286865234375,-0.23712158203125,0.02349853515625,0.00396728515625,-0.15289306640625,0.03509521484375,0.0030517578125,-0.1544189453125,-0.025634765625,0.00640869140625
-0.11322021484375,-0.0140380859375,-0.0250244140625,-0.166015625,0.0738525390625,0.0341796875,-0.0872802734375,0.010986328125,-0.00762939453125,-0.2435302734375,0.020751953125,0.00518798828125,-0.1409912109375,0.029296875,0.0042724609375,-0.2069091796875,-0.02197265625,-0.01556396484375
-0.11322021484375,-0.00732421875,-0.02777099609375,-0.16510009765625,0.07415771484375,0.02044677734375,-0.1025390625,0.00274658203125,-0.013427734375,-0.23590087890625,0.0250244140625,0.0042724609375,-0.15228271484375,0.03265380859375,-0.01129150390625,-0.15228271484375,-0.0299072265625,0.0067138671875
-0.11444091796875,-0.01739501953125,-0.02227783203125,-0.1849365234375,0.0885009765625,0.02105712890625,-0.1116943359375,0.00335693359375,-0.013427734375,-0.15716552734375,0.0262451171875,-0.0775146484375,-0.15625,0.030517578125,-9.1552734375E-4,-0.17333984375,-0.0213623046875,-0.0042724609375
-0.108642578125,-0.01434326171875,-0.0189208984375,-0.16357421875,0.07720947265625,0.0372314453125,-0.1104736328125,0.010986328125,-0.0103759765625,-0.23956298828125,0.02410888671875,0.0030517578125,-0.14556884765625,0.0286865234375,3.0517578125E-4,-0.1837158203125,-0.01800537109375,-0.00152587890625
-0.11749267578125,-0.01678466796875,-0.02899169921875,-0.1715087890625,0.08575439453125,0.02899169921875,-0.1007080078125,0.00274658203125,-0.0274658203125,-0.233154296875,0.01922607421875,0.01251220703125,-0.15472412109375,0.03326416015625,-0.01739501953125,-0.1788330078125,-0.029296875,0.00579833984375
-0.11871337890625,-0.01678466796875,-0.03173828125,-0.1776123046875,0.07171630859375,0.01861572265625,-0.09796142578125,0.0048828125,-0.0115966796875,-0.23101806640625,0.01068115234375,6.103515625E-4,-0.14068603515625,0.01922607421875,0.00762939453125,-0.1495361328125,-0.040283203125,0.018310546875
-0.1171875,9.1552734375E-4,-0.02685546875,-0.16448974609375,0.06561279296875,0.0250244140625,-0.09002685546875,-0.0164794921875,-0.02532958984375,-0.2484130859375,0.00457763671875,0.01007080078125,-0.13519287109375,0.0067138671875,-0.01190185546875,-0.234375,-0.008544921875,-0.02044677734375
-0.12847900390625,-0.00885009765625,-0.03265380859375,-0.1861572265625,0.07537841796875,0.01068115234375,-0.15594482421875,-0.01068115234375,-0.0408935546875,-0.238037109375,0.01495361328125,0.00640869140625,-0.15106201171875,0.03173828125,0.00701904296875,-0.1312255859375,-0.03875732421875,0.01068115234375
-0.1068115234375,-0.015869140625,-0.0323486328125,-0.1593017578125,0.0750732421875,0.0360107421875,-0.12176513671875,-0.07781982421875,-0.0103759765625,-0.31158447265625,0.028076171875,0.01251220703125,-0.15777587890625,0.03662109375,-0.0115966796875,-0.20477294921875,-0.01495361328125,-0.00823974609375
-0.12451171875,-0.01312255859375,-0.03143310546875,-0.19012451171875,0.076904296875,0.0091552734375,-0.123291015625,-0.00213623046875,-0.02716064453125,-0.24017333984375,0.02960205078125,0.01007080078125,-0.135498046875,0.01983642578125,0.0054931640625,-0.16845703125,-0.0128173828125,-0.01007080078125
-0.1025390625,-0.00701904296875,-0.02838134765625,-0.1495361328125,0.06195068359375,0.0384521484375,-0.19287109375,-0.02532958984375,-0.03173828125,-0.23895263671875,0.01708984375,0.00579833984375,-0.152587890625,0.0189208984375,-0.00213623046875,-0.2032470703125,-0.00518798828125,-0.01312255859375
-0.11993408203125,-0.0054931640625,-0.03753662109375,-0.2264404296875,0.07293701171875,-0.00732421875,-0.11932373046875,-0.01129150390625,-0.04852294921875,-0.25360107421875,0.003662109375,0.01068115234375,-0.120849609375,0.0091552734375,-0.01983642578125,-0.2362060546875,-0.009765625,-0.0177001953125
-0.1092529296875,-0.01068115234375,-0.0286865234375,-0.150146484375,0.067138671875,0.04791259765625,-0.05706787109375,0.00640869140625,0.02471923828125,-0.225830078125,0.03021240234375,0.0,-0.15625,0.0469970703125,0.0262451171875,-0.01617431640625,-0.07232666015625,0.05096435546875
-0.11383056640625,-0.02410888671875,-0.01922607421875,-0.17364501953125,0.08056640625,0.03204345703125,-0.10833740234375,9.1552734375E-4,-0.01617431640625,-0.245361328125,0.01312255859375,0.0079345703125,-0.14190673828125,0.01068115234375,-0.015869140625,-0.302734375,0.02227783203125,-0.05859375
-0.125732421875,-0.01556396484375,-0.03173828125,-0.18768310546875,0.07293701171875,0.01434326171875,-0.11474609375,-0.00274658203125,-0.01708984375,-0.24322509765625,0.0225830078125,0.00152587890625,-0.13916015625,0.029296875,0.0079345703125,-0.08758544921875,-0.04302978515625,0.025634765625
-0.09918212890625,-0.0152587890625,-0.02532958984375,-0.1531982421875,0.0762939453125,0.045166015625,-0.09674072265625,0.00579833984375,-3.0517578125E-4,-0.22857666015625,0.0274658203125,-0.0048828125,-0.1483154296875,0.03662109375,0.00335693359375,-0.19012451171875,-0.01190185546875,-0.01495361328125
-0.1092529296875,-0.0152587890625,-0.02105712890625,-0.16937255859375,0.0750732421875,0.01983642578125,-0.10833740234375,0.001220703125,-0.01861572265625,-0.2435302734375,0.01617431640625,0.00885009765625,-0.1519775390625,0.009765625,-0.01739501953125,-0.19134521484375,-0.00946044921875,-0.01007080078125
-0.118408203125,-0.0091552734375,-0.0335693359375,-0.18310546875,0.0750732421875,0.0225830078125,-0.1055908203125,-9.1552734375E-4,-0.01434326171875,-0.2349853515625,0.02197265625,9.1552734375E-4,-0.1361083984375,0.03143310546875,0.00518798828125,-0.1409912109375,-0.035400390625,0.013427734375
-0.10101318359375,-0.0177001953125,-0.02044677734375,-0.14129638671875,0.07781982421875,0.035400390625,-0.103759765625,0.006103515625,-0.01007080078125,-0.24322509765625,0.02349853515625,-0.078125,-0.14556884765625,0.0128173828125,0.0054931640625,-0.1873779296875,-0.01983642578125,-0.01251220703125
-0.11199951171875,-0.0103759765625,-0.0244140625,-0.17578125,0.07598876953125,0.0286865234375,-0.115966796875,0.0030517578125,-0.01800537109375,-0.24505615234375,0.0238037109375,0.00701904296875,-0.1611328125,0.0262451171875,-0.02655029296875,-0.17120361328125,-0.020751953125,0.0067138671875
-0.11627197265625,-0.01861572265625,-0.0360107421875,-0.1910400390625,0.08636474609375,0.0189208984375,-0.11932373046875,0.00457763671875,-0.0140380859375,-0.238037109375,0.028076171875,0.01373291015625,-0.1605224609375,0.025634765625,0.0018310546875,-0.16998291015625,-0.02197265625,-0.00396728515625
-0.1116943359375,-0.01495361328125,-0.03082275390625,-0.14678955078125,0.0653076171875,0.03204345703125,-0.09490966796875,-0.0103759765625,-0.00823974609375,-0.24688720703125,0.0103759765625,0.00152587890625,-0.1385498046875,0.00457763671875,-0.00213623046875,-0.18585205078125,-0.01953125,-0.0128173828125
-0.10772705078125,-0.01800537109375,-0.0262451171875,-0.17486572265625,0.07080078125,0.02044677734375,-0.11474609375,0.0146484375,-0.01251220703125,-0.235595703125,0.0177001953125,0.01190185546875,-0.14129638671875,0.01617431640625,-0.003662109375,-0.166015625,-0.0262451171875,0.00396728515625
-0.12176513671875,-0.00732421875,-0.030517578125,-0.17181396484375,0.0738525390625,0.020751953125,-0.10833740234375,0.0054931640625,-0.01708984375,-0.24658203125,0.0213623046875,0.0042724609375,-0.1373291015625,0.03082275390625,-0.015869140625,-0.17364501953125,-0.0286865234375,-0.00518798828125
-0.11993408203125,-0.01922607421875,-0.02349853515625,-0.18646240234375,0.07293701171875,0.00946044921875,-0.11138916015625,0.00213623046875,-0.02716064453125,-0.24383544921875,0.01434326171875,0.00885009765625,-0.159912109375,0.02593994140625,-0.01678466796875,-0.22216796875,-0.03143310546875,-0.0091552734375
-0.11505126953125,-0.00579833984375,-0.0341796875,-0.1568603515625,0.0616455078125,0.0189208984375,-0.13885498046875,-0.01007080078125,-0.03448486328125,-0.24017333984375,0.01312255859375,0.0042724609375,-0.13702392578125,0.0128173828125,-0.0091552734375,-0.17974853515625,-0.03021240234375,-0.0018310546875
-0.1220703125,0.0,-0.030517578125,-0.1910400390625,0.06988525390625,0.01251220703125,-0.09765625,-0.00823974609375,-0.0274658203125,-0.23651123046875,0.0048828125,0.010986328125,-0.14801025390625,0.01922607421875,-0.0140380859375,-0.184326171875,-0.02288818359375,-0.00335693359375
-0.10986328125,-0.01373291015625,-0.02716064453125,-0.18341064453125,0.07537841796875,0.0128173828125,-0.135498046875,0.0115966796875,-0.01800537109375,-0.2490234375,0.0238037109375,0.0054931640625,-0.14007568359375,0.0189208984375,0.00213623046875,-0.1611328125,-0.01800537109375,-0.00579833984375
-0.1190185546875,-0.00579833984375,-0.02899169921875,-0.17578125,0.06622314453125,0.0164794921875,-0.11322021484375,0.0775146484375,-0.01953125,-0.24017333984375,0.01922607421875,0.01312255859375,-0.135498046875,0.01068115234375,-0.0018310546875,-0.1910400390625,-0.00885009765625,-0.01434326171875
-0.11322021484375,-0.01312255859375,-0.02471923828125,-0.1611328125,0.07598876953125,0.02777099609375,-0.12176513671875,0.0018310546875,-0.0115966796875,-0.24505615234375,0.03173828125,6.103515625E-4,-0.146484375,0.032958984375,-0.00152587890625,-0.15289306640625,-0.02593994140625,3.0517578125E-4
-0.10955810546875,-0.0189208984375,-0.02197265625,-0.17181396484375,0.07598876953125,0.03082275390625,-0.14007568359375,0.00274658203125,-0.02899169921875,-0.2337646484375,0.02777099609375,0.00152587890625,-0.15106201171875,0.032958984375,-0.01129150390625,-0.22003173828125,-0.0079345703125,-0.0250244140625
-0.10284423828125,-0.009765625,-0.0244140625,-0.17242431640625,0.06744384765625,0.02593994140625,-0.103759765625,-0.00396728515625,-0.0054931640625,-0.24505615234375,0.01861572265625,-0.00274658203125,-0.12542724609375,0.0384521484375,0.02593994140625,-0.16571044921875,-0.03021240234375,-3.0517578125E-4
-0.09735107421875,-0.01495361328125,-0.0189208984375,-0.1409912109375,0.068359375,0.050048828125,-0.11627197265625,0.00518798828125,-0.00732421875,-0.22369384765625,0.03143310546875,-0.00457763671875,-0.1556396484375,0.05218505859375,-0.00823974609375,-0.1702880859375,-0.025634765625,-0.00518798828125
-0.103759765625,-0.01495361328125,-0.02410888671875,-0.17822265625,0.0732421875,0.0238037109375,-0.103759765625,0.07781982421875,-0.0115966796875,-0.24932861328125,0.02471923828125,6.103515625E-4,-0.1239013671875,0.02838134765625,0.00244140625,-0.17852783203125,-0.01068115234375,-0.0103759765625
-0.107421875,-0.00213623046875,-0.0286865234375,-0.16937255859375,0.07171630859375,0.03387451171875,-0.0946044921875,0.0018310546875,0.0775146484375,-0.23590087890625,0.0262451171875,-0.003662109375,-0.14556884765625,0.0177001953125,0.0018310546875,-0.1422119140625,-0.03326416015625,0.003662109375
-0.10040283203125,-0.00244140625,-0.02166748046875,-0.16326904296875,0.064697265625,0.02655029296875,-0.10345458984375,-0.00152587890625,-0.0030517578125,-0.31219482421875,0.02044677734375,0.00244140625,-0.133056640625,0.0140380859375,-0.00274658203125,-0.1934814453125,-0.0115966796875,-0.01922607421875
-0.1202392578125,-6.103515625E-4,-0.03204345703125,-0.1885986328125,0.07659912109375,0.01129150390625,-0.1318359375,6.103515625E-4,-0.03326416015625,-0.23895263671875,0.0238037109375,-0.0042724609375,-0.150146484375,0.02777099609375,0.0018310546875,-0.17120361328125,-0.029296875,-0.0030517578125
-0.10955810546875,-0.01007080078125,-0.025634765625,-0.150146484375,0.062255859375,0.03662109375,-0.10528564453125,-0.00823974609375,-0.0030517578125,-0.2423095703125,0.02532958984375,0.07781982421875,-0.13519287109375,0.0213623046875,0.0103759765625,-0.1580810546875,-0.0189208984375,-0.01312255859375
-0.107421875,-0.0128173828125,-0.03082275390625,-0.17547607421875,0.07781982421875,0.01922607421875,-0.1177978515625,-0.0018310546875,-0.0201416015625,-0.2374267578125,0.0274658203125,0.0048828125,-0.14739990234375,0.02777099609375,-0.0115966796875,-0.20416259765625,-0.00946044921875,-0.0042724609375
-0.11627197265625,-0.01861572265625,-0.02655029296875,-0.1849365234375,0.08636474609375,0.03265380859375,-0.12054443359375,0.0091552734375,-0.01129150390625,-0.2264404296875,0.0311279296875,-0.0042724609375,-0.147705078125,0.04486083984375,0.01312255859375,-0.12298583984375,-0.0433349609375,0.0048828125
-0.09490966796875,-0.015869140625,-0.0152587890625,-0.69000244140625,0.03204345703125,0.621337890625,-0.2679443359375,0.09918212890625,0.413818359375,-0.34881591796875,0.185546875,-0.20233154296875,0.23101806640625,-0.14312744140625,0.98541259765625,-0.675048828125,-0.39886474609375,0.17242431640625
1.7095947265625,0.052490234375,0.44219970703125,-2.2308349609375,-2.14263916015625,2.24700927734375,0.23834228515625,-0.17669677734375,1.21002197265625,-0.052490234375,0.24017333984375,-0.7904052734375,0.76507568359375,-0.380859375,2.7001953125,-0.078125,-0.84686279296875,1.23626708984375
9.99969482421875,-0.0750732421875,2.44903564453125,-2.96875,-2.1844482421875,4.3939208984375,1.7315673828125,-0.43426513671875,3.13446044921875,0.3900146484375,-0.14495849609375,-1.85089111328125,2.2393798828125,0.19287109375,4.96551513671875,2.56561279296875,0.27099609375,0.05462646484375
7.7642822265625,0.17852783203125,2.77374267578125,5.66070556640625,1.76788330078125,5.25421142578125,0.98724365234375,-3.85772705078125,2.7520751953125,1.09039306640625,-0.33966064453125,-2.5616455078125,3.0426025390625,1.1651611328125,7.87200927734375,3.96392822265625,-0.66650390625,-0.50201416015625
8.1756591796875,-1.85699462890625,2.35382080078125,-2.6409912109375,3.75457763671875,2.9449462890625,2.6129150390625,-4.34906005859375,9.99969482421875,0.9918212890625,-0.94696044921875,-3.4088134765625,-0.06134033203125,-2.08038330078125,9.4171142578125,7.8466796875,3.0010986328125,-3.33709716796875
7.64129638671875,2.41119384765625,3.072509765625,-5.67291259765625,-10.0,-1.278076171875,6.62384033203125,-5.6097412109375,9.99969482421875,0.654296875,-2.1014404296875,-3.3935546875,-1.864013671875,0.0177001953125,8.192138671875,4.78607177734375,8.182373046875,-8.28582763671875
6.3299560546875,2.4468994140625,4.03900146484375,-3.3258056640625,-1.11663818359375,3.5223388671875,2.27569580078125,-5.98663330078125,9.99969482421875,0.71990966796875,-2.3223876953125,-3.75946044921875,-6.243896484375,-2.48199462890625,7.62237548828125,9.00177001953125,9.99969482421875,-5.18035888671875
9.99969482421875,9.05242919921875,0.55267333984375,4.41619873046875,-6.78802490234375,1.068115234375,-0.34423828125,-2.32025146484375,9.99969482421875,2.25006103515625,-4.683837890625,-4.32037353515625,-10.0,-4.1650390625,5.8056640625,8.89251708984375,6.40594482421875,2.26959228515625
9.99969482421875,7.17987060546875,-2.98065185546875,8.54888916015625,-2.49176025390625,2.119140625,1.67327880859375,-1.5228271484375,9.99969482421875,5.80718994140625,-7.5384521484375,-5.2813720703125,6.2921142578125,-0.341796875,9.99969482421875,6.9549560546875,9.99969482421875,6.1419677734375
9.99969482421875,9.62921142578125,-2.47955322265625,6.05133056640625,-4.827880859375,-0.28656005859375,0.19134521484375,-1.60400390625,7.77862548828125,1.48101806640625,-5.6634521484375,-2.73956298828125,-0.19378662109375,3.59283447265625,9.99969482421875,4.15985107421875,8.93218994140625,7.24365234375
1.65924072265625,5.66162109375,-3.70391845703125,-2.0416259765625,0.45684814453125,-3.00872802734375,3.81317138671875,-0.15655517578125,9.05487060546875,1.44744873046875,-5.07232666015625,-2.34710693359375,-1.90521240234375,3.92486572265625,5.9832763671875,-1.13433837890625,7.8314208984375,4.2572021484375
3.670654296875,-4.52362060546875,-4.1583251953125,2.4755859375,-4.4952392578125,-3.2275390625,3.353271484375,-0.7269287109375,5.2008056640625,-2.47222900390625,-2.3248291015625,-1.06658935546875,-0.32562255859375,1.22467041015625,4.45953369140625,-1.192626953125,4.354248046875,2.57904052734375
5.750732421875,0.6610107421875,2.26806640625,-1.32171630859375,4.4805908203125,-10.0,2.00927734375,-4.60235595703125,-5.35064697265625,-0.1177978515625,-1.6326904296875,-2.28240966796875,8.077392578125,-3.56689453125,4.112548828125,1.3818359375,-0.57769775390625,-0.6024169921875
7.5091552734375,3.7261962890625,4.16748046875,-10.0,2.24517822265625,-10.0,9.99969482421875,-0.863037109375,-3.82537841796875,-0.94512939453125,0.123291015625,-1.99371337890625,0.43701171875,-2.79052734375,-5.4302978515625,5.8648681640625,-8.19488525390625,-7.25982666015625
9.99969482421875,7.6751708984375,0.98052978515625,-6.87255859375,3.78173828125,-10.0,2.34100341796875,-1.97967529296875,-5.93658447265625,-2.62939453125,-1.26129150390625,-2.4969482421875,1.280517578125,-3.84521484375,-7.66754150390625,3.0316162109375,-9.2999267578125,-4.3975830078125
4.45556640625,9.99969482421875,0.6158447265625,-0.7281494140625,3.2763671875,-10.0,0.71807861328125,-3.73046875,-5.662841796875,-2.88177490234375,-0.6768798828125,-2.9669189453125,4.091796875,-6.8701171875,-3.67767333984375,3.299560546875,-10.0,0.352783203125
-3.06732177734375,8.00262451171875,-1.7803955078125,1.76788330078125,2.69683837890625,-5.0885009765625,0.67901611328125,-1.74468994140625,-7.003173828125,-3.47503662109375,-1.5692138671875,-3.61480712890625,4.98809814453125,-4.84649658203125,-4.1802978515625,1.76513671875,-9.53948974609375,-0.2069091796875
-10.0,9.99969482421875,6.826171875,9.99969482421875,9.99969482421875,9.99969482421875,-10.0,1.03485107421875,-8.428955078125,-1.7486572265625,-0.6768798828125,-2.55523681640625,5.00946044921875,-2.156982421875,-5.45745849609375,0.78887939453125,-8.7078857421875,-2.17803955078125
0.09063720703125,-0.6658935546875,5.93536376953125,9.99969482421875,-1.8017578125,1.76910400390625,9.99969482421875,1.8475341796875,3.52996826171875,-0.71990966796875,-1.541748046875,-1.9488525390625,-1.925048828125,1.30157470703125,-3.22784423828125,0.556640625,-4.749755859375,1.1651611328125
-2.80792236328125,-4.31304931640625,1.5966796875,9.99969482421875,-6.37176513671875,6.036376953125,9.05792236328125,-0.82427978515625,-0.28106689453125,-0.20263671875,-2.6727294921875,-1.45477294921875,6.5814208984375,-1.30279541015625,3.71002197265625,-0.079345703125,0.4327392578125,5.32135009765625
-0.8380126953125,-4.88525390625,-0.2880859375,9.99969482421875,-7.88177490234375,9.99969482421875,2.13348388671875,-2.29583740234375,0.35064697265625,0.49560546875,-2.532958984375,-1.304931640625,3.1414794921875,-2.938232421875,6.77825927734375,0.70037841796875,1.416015625,4.2828369140625
2.7044677734375,-5.66253662109375,-1.26556396484375,9.99969482421875,-10.0,5.0445556640625,4.4464111328125,-5.93780517578125,4.93988037109375,0.77728271484375,0.29388427734375,-1.11846923828125,2.82379150390625,-4.64599609375,8.02398681640625,-0.05828857421875,0.8856201171875,4.0087890625
3.209228515625,-5.3729248046875,-0.10650634765625,5.7440185546875,-10.0,-2.9107666015625,6.34307861328125,-5.889892578125,3.49884033203125,-0.2911376953125,3.121337890625,-0.02471923828125,0.30975341796875,-4.306640625,2.584228515625,1.502685546875,-0.48095703125,-1.15447998046875
0.1666259765625,-4.11895751953125,1.0821533203125,9.99969482421875,-10.0,-0.272216796875,5.611572265625,-1.624755859375,-0.50506591796875,-1.67388916015625,4.649658203125,0.3143310546875,2.01416015625,-2.2186279296875,-1.56097412109375,2.559814453125,0.618896484375,-5.1629638671875
-4.2413330078125,-2.16461181640625,3.5546875,9.99969482421875,-10.0,9.99969482421875,1.91253662109375,1.7694091796875,-6.35650634765625,-3.15582275390625,3.4539794921875,0.0274658203125,1.65924072265625,-1.5234375,-5.40924072265625,6.28814697265625,5.313720703125,-6.1749267578125
-7.00408935546875,-2.9327392578125,7.769775390625,9.99969482421875,-10.0,9.99969482421875,-10.0,3.385009765625,-6.09344482421875,-2.68798828125,-1.3665771484375,-2.06451416015625,0.36651611328125,4.30389404296875,3.75518798828125,6.08367919921875,6.84234619140625,-0.31951904296875
8.47076416015625,-3.31939697265625,1.41021728515625,9.99969482421875,-10.0,9.99969482421875,-1.79718017578125,6.09710693359375,9.99969482421875,-2.46490478515625,-1.5771484375,-2.18505859375,-10.0,8.84002685546875,2.05047607421875,-2.72857666015625,9.40032958984375,2.51800537109375
0.73211669921875,4.80804443359375,-1.63604736328125,2.09869384765625,-9.5489501953125,6.81427001953125,-0.92559814453125,1.243896484375,5.98175048828125,-0.537109375,-2.6495361328125,0.594482421875,-0.5859375,4.99114990234375,5.2203369140625,-10.0,5.54290771484375,2.2955322265625
-3.96575927734375,8.36883544921875,-2.34100341796875,-10.0,-0.21331787109375,-5.2935791015625,0.40283203125,-3.5418701171875,4.5941162109375,-0.30059814453125,-0.87921142578125,1.61895751953125,-5.69671630859375,-1.81243896484375,2.4261474609375,0.11383056640625,0.0543212890625,5.49224853515625
-2.2369384765625,8.33953857421875,-3.41766357421875,-10.0,4.60784912109375,-6.01318359375,0.71868896484375,-2.90771484375,1.8450927734375,-0.31219482421875,-0.67596435546875,1.93450927734375,-2.16156005859375,-1.29425048828125,0.3717041015625,-3.0572509765625,0.0341796875,1.46575927734375
-4.26239013671875,5.789794921875,-2.64495849609375,-10.0,1.0540771484375,-3.57879638671875,-1.31256103515625,-4.0325927734375,-4.25323486328125,-0.7958984375,-1.0009765625,2.85552978515625,-1.62872314453125,-3.06793212890625,-3.4844970703125,-3.660888671875,-2.81982421875,0.07293701171875
-4.57794189453125,2.60467529296875,-2.764892578125,-6.6815185546875,6.3177490234375,-0.77545166015625,-1.77001953125,-1.94305419921875,-4.63226318359375,-0.88226318359375,-0.0445556640625,3.17352294921875,-2.67333984375,-3.34320068359375,-5.16387939453125,-5.31951904296875,-4.7467041015625,-0.19775390625
-4.03472900390625,-1.494140625,-4.449462890625,-3.35845947265625,9.99969482421875,-0.23193359375,-2.4908447265625,-1.23321533203125,-5.740966796875,-0.72479248046875,-0.17059326171875,3.55682373046875,-1.83441162109375,-2.5921630859375,-5.0701904296875,-5.1409912109375,-4.61639404296875,-0.1727294921875
-3.087158203125,-5.6927490234375,-4.87579345703125,-2.025146484375,9.99969482421875,1.24847412109375,-2.8985595703125,-1.4764404296875,-4.13116455078125,0.05615234375,0.364990234375,3.7017822265625,-2.542724609375,-2.2137451171875,-2.85888671875,-3.22784423828125,-2.81951904296875,1.1199951171875
-0.3564453125,-8.9141845703125,-4.68231201171875,3.929443359375,9.99969482421875,4.6649169921875,-1.78131103515625,-1.04156494140625,0.1873779296875,1.68060302734375,1.22344970703125,2.7557373046875,-1.2823486328125,-0.7421875,1.33758544921875,-0.836181640625,0.7745361328125,2.50274658203125
1.81732177734375,-10.0,-3.997802734375,5.079345703125,9.99969482421875,4.23309326171875,0.1556396484375,-0.2984619140625,2.3431396484375,2.0941162109375,2.1539306640625,2.2607421875,1.9012451171875,1.268310546875,3.96026611328125,0.556640625,3.75396728515625,1.00799560546875
1.81488037109375,-10.0,-2.603759765625,-0.2496337890625,4.26727294921875,0.7110595703125,-0.146484375,1.65252685546875,1.69403076171875,1.34979248046875,3.770751953125,2.529296875,1.18316650390625,4.261474609375,1.9873046875,1.138916015625,5.7843017578125,-3.24554443359375
0.76995849609375,-8.5858154296875,-0.6298828125,-0.70526123046875,4.3853759765625,1.37603759765625,-2.313232421875,4.71923828125,0.71807861328125,1.0809326171875,3.702392578125,2.39593505859375,0.48583984375,6.59423828125,-0.0677490234375,0.289306640625,7.2039794921875,-5.631103515625
-0.726318359375,-6.49505615234375,1.29058837890625,-3.08135986328125,8.61328125,2.37091064453125,-4.18914794921875,7.4505615234375,2.05108642578125,-0.032958984375,5.17974853515625,2.4530029296875,-1.2689208984375,7.711181640625,-0.55633544921875,1.4776611328125,6.76422119140625,-5.17974853515625
1.60736083984375,-4.43572998046875,2.64678955078125,0.99456787109375,9.99969482421875,9.22821044921875,-6.873779296875,7.4359130859375,5.20782470703125,-0.103759765625,5.88165283203125,1.67816162109375,-3.72344970703125,9.06402587890625,0.96527099609375,2.4090576171875,7.10693359375,-3.2733154296875
2.71728515625,-0.6268310546875,1.74560546875,2.738037109375,9.99969482421875,9.99969482421875,-4.37591552734375,8.763427734375,5.85052490234375,-1.31500244140625,3.197021484375,-0.1171875,-10.0,-1.982421875,-2.63275146484375,-0.97442626953125,-4.93072509765625,2.32513427734375
1.41265869140625,1.778564453125,2.374267578125,0.08514404296875,9.99969482421875,9.461669921875,-10.0,4.04022216796875,2.9583740234375,-1.39251708984375,3.0267333984375,0.06561279296875,9.99969482421875,-3.3966064453125,9.99969482421875,9.99969482421875,-5.8477783203125,5.772705078125
-1.8402099609375,4.2449951171875,2.75848388671875,-8.5595703125,9.99969482421875,-1.72576904296875,9.99969482421875,9.99969482421875,9.99969482421875,-0.9588623046875,3.258056640625,0.13427734375,9.99969482421875,1.336669921875,7.7154541015625,2.77099609375,-1.06475830078125,3.55804443359375
-2.1112060546875,-0.10009765625,0.5853271484375,-0.6597900390625,9.99969482421875,-8.50982666015625,2.1844482421875,-0.9027099609375,1.861572265625,-0.6475830078125,1.92047119140625,0.408935546875,-3.6480712890625,-0.6158447265625,-0.068359375,-2.0867919921875,-0.9161376953125,1.24908447265625
-2.054443359375,0.61767578125,0.52459716796875,2.47589111328125,9.99969482421875,-10.0,-3.16253662109375,-10.0,-6.331787109375,-0.6121826171875,0.67962646484375,0.6182861328125,0.85205078125,0.28106689453125,-0.69549560546875,-0.85113525390625,-0.47760009765625,-0.61370849609375
-3.01025390625,0.01434326171875,0.5010986328125,9.99969482421875,-5.101318359375,2.40631103515625,1.23687744140625,-5.87432861328125,-7.24761962890625,-0.31707763671875,0.6585693359375,0.49072265625,0.81939697265625,-0.1849365234375,-0.70587158203125,-1.512451171875,-0.18341064453125,-0.5426025390625
-4.4818115234375,0.42572021484375,-0.30487060546875,-10.0,-7.1929931640625,-7.064208984375,8.177490234375,-2.5482177734375,0.3497314453125,0.0537109375,0.18341064453125,0.16204833984375,0.570068359375,0.15869140625,-0.24017333984375,0.2325439453125,-0.1348876953125,-0.5462646484375
-3.6614990234375,0.60699462890625,-0.755615234375,0.05828857421875,0.1336669921875,-1.8621826171875,-2.75665283203125,-0.21331787109375,-3.57757568359375,0.4156494140625,-0.770263671875,0.0604248046875,0.76507568359375,0.966796875,-2.35321044921875,-1.927490234375,0.1947021484375,-2.640380859375
-4.66583251953125,-0.6158447265625,0.4840087890625,2.7557373046875,4.315185546875,2.1746826171875,-1.14227294921875,3.980712890625,-2.62237548828125,-0.1483154296875,-0.736083984375,0.1348876953125,1.641845703125,2.000732421875,-1.49505615234375,-0.17974853515625,9.1552734375E-4,-1.51947021484375
0.07354736328125,-2.38983154296875,0.9686279296875,6.6796875,3.42742919921875,7.07733154296875,-1.0986328125,1.43890380859375,0.4638671875,-0.086669921875,-0.3472900390625,-0.33843994140625,1.40594482421875,1.0150146484375,1.64764404296875,1.73858642578125,-0.1947021484375,1.09283447265625
0.7763671875,-0.13336181640625,-0.0830078125,4.53460693359375,1.25823974609375,9.99969482421875,5.6304931640625,-1.69891357421875,3.3026123046875,0.07904052734375,0.19744873046875,-0.57769775390625,0.3472900390625,-0.443115234375,2.81890869140625,1.50482177734375,-0.20904541015625,2.20611572265625
2.752685546875,-0.71136474609375,0.82366943359375,-3.67279052734375,1.42181396484375,0.2447509765625,3.78692626953125,-3.52752685546875,4.68597412109375,0.11627197265625,0.01983642578125,-1.11358642578125,-1.76544189453125,-4.124755859375,3.7017822265625,2.57843017578125,-0.19775390625,2.91351318359375
3.5284423828125,-1.1688232421875,1.279296875,9.99969482421875,-10.0,-5.83984375,-4.17266845703125,-2.4932861328125,3.038330078125,0.5853271484375,-0.2630615234375,-1.6009521484375,-2.34405517578125,-2.28179931640625,2.744140625,2.2662353515625,0.35369873046875,2.51922607421875
5.0579833984375,-1.39404296875,1.14471435546875,9.99969482421875,-10.0,-4.0765380859375,5.19500732421875,-0.1580810546875,4.38629150390625,0.4107666015625,-0.125732421875,-1.513671875,-2.791748046875,-0.96038818359375,2.1722412109375,1.10137939453125,0.49072265625,2.21160888671875
4.20501708984375,-0.51605224609375,0.2777099609375,0.867919921875,-10.0,-0.838623046875,0.39947509765625,-0.7647705078125,2.396240234375,0.4217529296875,-0.2178955078125,-1.292724609375,-1.42608642578125,-0.12908935546875,1.4678955078125,2.9656982421875,0.49560546875,1.87164306640625
3.99078369140625,-0.42205810546875,0.2276611328125,8.65264892578125,-10.0,9.99969482421875,-1.11083984375,-0.28594970703125,1.81640625,0.2069091796875,-0.80322265625,-1.53594970703125,-3.0047607421875,-0.46142578125,0.604248046875,2.2454833984375,0.992431640625,1.53594970703125
4.1302490234375,-0.40191650390625,-0.44525146484375,3.83209228515625,-10.0,9.99969482421875,-2.5177001953125,0.6427001953125,3.10150146484375,-0.37689208984375,-0.51727294921875,-1.22039794921875,-4.11163330078125,-1.16180419921875,-0.37109375,0.6573486328125,0.67596435546875,0.83587646484375
2.44293212890625,0.12451171875,-1.25518798828125,-1.112060546875,-10.0,-1.53533935546875,-2.353515625,2.25555419921875,0.38726806640625,-0.49591064453125,-1.11480712890625,-0.68206787109375,-5.58868408203125,2.305908203125,-3.21990966796875,-2.142333984375,1.1419677734375,-2.2705078125
2.49908447265625,0.50079345703125,-0.6500244140625,-6.87042236328125,-10.0,-5.45684814453125,0.56640625,-0.27069091796875,-2.63458251953125,-0.73272705078125,-1.9866943359375,-0.42724609375,-1.690673828125,3.92059326171875,-4.21722412109375,-2.9827880859375,1.407470703125,-5.21942138671875
0.308837890625,0.66864013671875,-1.2615966796875,-1.60400390625,-10.0,-2.454833984375,-2.4053955078125,-0.318603515625,-4.51690673828125,-0.49346923828125,-1.915283203125,-0.2264404296875,-1.89849853515625,3.39874267578125,-4.35882568359375,-2.37457275390625,1.0858154296875,-4.3829345703125
-1.0736083984375,0.90728759765625,-1.56341552734375,0.64666748046875,2.7984619140625,5.33172607421875,2.65533447265625,-1.61834716796875,-2.0697021484375,-0.9222412109375,-1.45263671875,0.3790283203125,-1.871337890625,2.0550537109375,-3.961181640625,-3.22662353515625,0.68023681640625,-2.9302978515625
-1.817626953125,0.8514404296875,-1.09954833984375,0.054931640625,7.62664794921875,7.144775390625,-1.37969970703125,-2.6141357421875,-3.80859375,-1.13494873046875,-0.80230712890625,0.80535888671875,-2.77313232421875,1.256103515625,-2.720947265625,-4.3994140625,-0.3753662109375,-0.469970703125
-2.4969482421875,0.31219482421875,-0.242919921875,-1.688232421875,7.60467529296875,3.465576171875,1.55548095703125,-2.8765869140625,-2.33245849609375,-1.08551025390625,0.277099609375,1.14654541015625,-0.56793212890625,-1.03973388671875,-1.02203369140625,-2.44781494140625,-1.44927978515625,0.53802490234375
-3.43658447265625,-0.1885986328125,0.65032958984375,-1.2176513671875,7.19207763671875,3.24462890625,0.71929931640625,-2.54547119140625,-2.62969970703125,-0.77728271484375,1.36810302734375,1.285400390625,1.5045166015625,-2.45697021484375,-0.41107177734375,-1.14227294921875,-1.15478515625,-0.7305908203125
-4.459228515625,-0.73211669921875,1.522216796875,-0.8587646484375,-10.0,7.08465576171875,-0.20782470703125,-0.364990234375,-2.5213623046875,-0.9228515625,2.16949462890625,1.45965576171875,1.976318359375,-1.795654296875,-1.38580322265625,-0.70526123046875,-0.57586669921875,-3.02001953125
-6.44287109375,-0.55328369140625,2.74169921875,2.5860595703125,-10.0,8.76800537109375,0.4730224609375,1.53564453125,-2.34161376953125,0.5255126953125,2.332763671875,1.15631103515625,2.6220703125,6.94000244140625,-1.07086181640625,2.98095703125,-2.4407958984375,0.79315185546875
-8.1524658203125,0.0341796875,0.98358154296875,4.65850830078125,-1.614990234375,1.95068359375,1.45599365234375,5.16937255859375,-3.77288818359375,-0.35614013671875,0.92926025390625,0.953369140625,9.99969482421875,-3.01422119140625,1.63787841796875,-2.46063232421875,-2.24334716796875,-1.26617431640625
-2.9083251953125,1.9793701171875,-1.95343017578125,7.57965087890625,9.99969482421875,-2.669677734375,-2.059326171875,7.0953369140625,-2.64862060546875,0.1666259765625,1.3421630859375,0.34881591796875,5.24017333984375,-1.0406494140625,0.61004638671875,2.08648681640625,-3.1085205078125,0.68359375
-0.69061279296875,0.06378173828125,0.0390625,5.665283203125,9.99969482421875,-10.0,-10.0,7.7252197265625,-6.710205078125,-0.09429931640625,-0.084228515625,-0.14923095703125,2.38433837890625,0.90850830078125,0.51361083984375,0.6219482421875,0.06134033203125,-0.0921630859375
2.01751708984375,-0.36773681640625,0.5120849609375,-1.5155029296875,9.99969482421875,-10.0,8.3294677734375,0.33416748046875,2.7984619140625,0.08087158203125,0.0762939453125,-0.24810791015625,1.45599365234375,-1.2664794921875,1.44744873046875,1.51885986328125,-0.29541015625,0.86334228515625
-1.54205322265625,0.13092041015625,-0.04119873046875,-10.0,9.99969482421875,-10.0,6.22344970703125,-4.62982177734375,-0.8447265625,-0.16876220703125,-0.2142333984375,-0.09368896484375,3.51165771484375,-4.03076171875,1.05987548828125,0.92529296875,-2.73834228515625,-0.05462646484375
-0.94482421875,0.24444580078125,-0.27191162109375,-10.0,9.99969482421875,-10.0,-1.0662841796875,-3.822021484375,-2.4505615234375,-0.17333984375,0.11199951171875,0.1544189453125,2.68218994140625,-2.991943359375,-0.37139892578125,0.29815673828125,-2.29705810546875,-1.0308837890625
-0.57830810546875,0.31219482421875,-0.3314208984375,-10.0,9.99969482421875,1.8157958984375,1.12457275390625,2.2412109375,-4.61639404296875,-0.17974853515625,-0.04119873046875,0.46356201171875,4.283447265625,1.16912841796875,-2.33642578125,-0.73638916015625,-0.5731201171875,-2.4505615234375
-1.15447998046875,0.4388427734375,-0.4974365234375,9.99969482421875,9.99969482421875,9.99969482421875,2.7581787109375,2.5274658203125,-3.42498779296875,-0.091552734375,0.37078857421875,0.814208984375,2.4639892578125,-0.87005615234375,-1.73919677734375,-0.76934814453125,-0.63568115234375,-1.73065185546875
-1.32354736328125,0.4791259765625,-0.528564453125,9.99969482421875,9.99969482421875,0.65521240234375,3.19549560546875,0.2691650390625,-1.99127197265625,-0.1611328125,0.67352294921875,0.52276611328125,0.36895751953125,0.2593994140625,-1.3873291015625,-3.4710693359375,-1.06170654296875,-0.684814453125
-4.27947998046875,-4.33135986328125,1.04095458984375,-10.0,3.28399658203125,0.47210693359375,0.692138671875,-0.52581787109375,-2.26348876953125,0.0244140625,0.491943359375,0.25726318359375,-0.37841796875,1.42120361328125,0.107421875,-0.2935791015625,-0.62744140625,0.17181396484375
-0.96099853515625,4.61944580078125,-2.255859375,4.80804443359375,-10.0,0.345458984375,-4.0447998046875,-2.33489990234375,0.49285888671875,-0.50140380859375,-0.28411865234375,-0.07598876953125,-1.5606689453125,-1.49688720703125,1.22314453125,-0.435791015625,-0.416259765625,1.231689453125
0.51361083984375,0.24169921875,1.15631103515625,5.3045654296875,-2.9736328125,-1.3934326171875,-0.4437255859375,-0.3485107421875,1.1285400390625,-0.1007080078125,0.06439208984375,-0.2783203125,0.21392822265625,0.2337646484375,1.3409423828125,0.7403564453125,0.130615234375,0.76690673828125
0.599365234375,-0.0128173828125,0.42388916015625,0.0164794921875,-4.27764892578125,-6.79779052734375,1.08123779296875,-0.5059814453125,0.61614990234375,-0.32073974609375,0.11138916015625,-0.00457763671875,-0.3265380859375,-0.2154541015625,0.2508544921875,-0.10589599609375,-0.03021240234375,0.113525390625
-0.44219970703125,0.04180908203125,-0.11016845703125,2.15911865234375,-3.7335205078125,0.032958984375,-1.22039794921875,0.2191162109375,-0.42816162109375,-0.18157958984375,-0.059814453125,0.03021240234375,0.02655029296875,0.2392578125,-0.52703857421875,-0.37078857421875,-0.03936767578125,-0.3558349609375
-0.4296875,-0.00213623046875,-0.1141357421875,-5.2032470703125,3.71246337890625,-1.2481689453125,0.6658935546875,0.5072021484375,-0.28839111328125,-0.2496337890625,0.064697265625,0.064697265625,-0.08148193359375,0.130615234375,-0.3302001953125,-0.39794921875,0.00335693359375,-0.2484130859375
-0.21453857421875,0.01556396484375,-0.0811767578125,-1.76239013671875,4.92462158203125,0.42388916015625,-0.05828857421875,0.2630615234375,-0.30487060546875,-0.25146484375,0.00244140625,0.0372314453125,0.001220703125,0.115966796875,-0.2508544921875,-0.2880859375,-0.03997802734375,-0.1513671875
-0.14617919921875,0.0836181640625,-0.07598876953125,0.67596435546875,3.14849853515625,0.3253173828125,0.4656982421875,0.33050537109375,-0.26641845703125,-0.2459716796875,0.06134033203125,0.068359375,0.04425048828125,0.1324462890625,-0.38543701171875,-0.36163330078125,-0.05828857421875,-0.264892578125
-0.313720703125,0.06927490234375,-0.1068115234375,-0.042724609375,0.4693603515625,-0.36102294921875,0.2484130859375,0.25970458984375,-0.24932861328125,-0.23162841796875,0.115966796875,0.0177001953125,6.103515625E-4,0.106201171875,-0.01312255859375,-0.12451171875,0.07720947265625,0.030517578125
-0.05340576171875,0.03265380859375,-0.03936767578125,0.45867919921875,2.1343994140625,0.86669921875,-0.00244140625,-0.1739501953125,0.120849609375,-0.24139404296875,0.00946044921875,-0.0140380859375,-0.213623046875,-0.00946044921875,0.2105712890625,-0.05645751953125,0.015869140625,0.11688232421875
0.0286865234375,0.03936767578125,-0.023193359375,-0.41595458984375,0.15777587890625,0.21636962890625,-0.30059814453125,-0.11444091796875,0.0177001953125,-0.31219482421875,-0.00244140625,0.003662109375,-0.1776123046875,0.0079345703125,-9.1552734375E-4,-0.19134521484375,-0.03936767578125,-0.020751953125
-0.14862060546875,-0.03997802734375,-0.02349853515625,0.3900146484375,-0.447998046875,0.12237548828125,-0.35247802734375,-0.059814453125,-0.00518798828125,-0.23284912109375,0.04974365234375,-0.00457763671875,-0.15838623046875,3.0517578125E-4,0.08941650390625,-0.13885498046875,-0.0250244140625,0.06439208984375
-0.10833740234375,-0.0213623046875,-0.035400390625,-0.1519775390625,0.09246826171875,0.09033203125,0.07080078125,0.0018310546875,0.04608154296875,-0.23468017578125,0.0592041015625,-0.00244140625,-0.135498046875,0.04669189453125,-0.00152587890625,-0.1690673828125,-0.01068115234375,-0.023193359375
-0.135498046875,-0.01068115234375,-0.03570556640625,-0.53924560546875,0.28350830078125,-0.1055908203125,-0.2191162109375,0.0213623046875,-0.10589599609375,-0.23834228515625,-0.0030517578125,0.013427734375,-0.1580810546875,0.0390625,-0.06988525390625,-0.20782470703125,-0.015869140625,-0.03173828125
-0.10498046875,-0.01739501953125,-0.02227783203125,-0.09185791015625,0.0628662109375,0.05859375,-0.03509521484375,0.01861572265625,0.02166748046875,-0.238037109375,0.05126953125,-0.00152587890625,-0.15625,0.0115966796875,0.05279541015625,-0.16021728515625,-6.103515625E-4,0.020751953125
-0.09368896484375,-0.0152587890625,-0.01708984375,-0.072021484375,0.0140380859375,0.07354736328125,-0.1727294921875,-0.01739501953125,-0.01678466796875,-0.23345947265625,0.02838134765625,0.0030517578125,-0.1373291015625,0.03448486328125,-0.0152587890625,-0.17974853515625,-0.0146484375,-0.029296875
-0.11871337890625,-0.01190185546875,-0.03265380859375,-0.26153564453125,0.0927734375,-0.0225830078125,-0.087890625,0.0146484375,-0.0390625,-0.2362060546875,0.02227783203125,0.01220703125,-0.1300048828125,0.0396728515625,-0.0128173828125,-0.1666259765625,-0.0177001953125,-0.0018310546875
-0.0994873046875,-0.01800537109375,-0.02410888671875,-0.1214599609375,0.08514404296875,0.04791259765625,-0.05462646484375,0.0250244140625,6.103515625E-4,-0.2471923828125,0.04425048828125,0.00732421875,-0.14312744140625,0.03448486328125,-0.008544921875,-0.18402099609375,-0.01708984375,-0.01373291015625
-0.1190185546875,-0.02105712890625,-0.042724609375,-0.14190673828125,0.11199951171875,-0.008544921875,-0.09002685546875,0.02685546875,-0.05157470703125,-0.23834228515625,0.00762939453125,0.0079345703125,-0.14495849609375,0.03021240234375,-0.035400390625,-0.18890380859375,-0.01861572265625,-0.0250244140625
-0.108642578125,-0.01129150390625,-0.0250244140625,-0.28594970703125,0.14068603515625,-0.01312255859375,-0.0830078125,0.0115966796875,-0.01708984375,-0.2423095703125,0.03143310546875,0.01220703125,-0.14556884765625,0.0164794921875,0.0115966796875,-0.16998291015625,-0.029296875,0.0225830078125
-0.0860595703125,-0.00335693359375,-0.01983642578125,-0.15655517578125,0.02471923828125,0.054931640625,-0.1312255859375,-0.02685546875,0.00213623046875,-0.244140625,0.023193359375,0.00244140625,-0.1507568359375,0.02197265625,0.010986328125,-0.17791748046875,-0.0250244140625,0.009765625
-0.111083984375,-0.00579833984375,-0.02777099609375,-0.14190673828125,0.035400390625,0.03143310546875,-0.15655517578125,-0.01190185546875,-0.01556396484375,-0.23681640625,0.0274658203125,0.0067138671875,-0.14923095703125,0.0262451171875,0.00274658203125,-0.17425537109375,-0.023193359375,-0.0042724609375
-0.111083984375,-0.008544921875,-0.03021240234375,-0.21514892578125,0.1153564453125,0.020751953125,-0.08514404296875,0.00579833984375,-0.02410888671875,-0.1568603515625,0.03021240234375,0.00701904296875,-0.13336181640625,0.04058837890625,-0.01922607421875,-0.1776123046875,-0.01739501953125,-0.01556396484375
